#{"t_start": 1786944323.344372, "env_id": "SpaceInvadersNoFrameskip-v4"}
r,l,t
15.0,1553,0.948353
330.0,3825,1.449418
75.0,1889,1.738904
135.0,2449,2.05439
270.0,4025,2.563469
215.0,2827,2.926123
125.0,2013,3.186887
150.0,1577,3.391237
110.0,1903,3.64036
155.0,1529,3.849554
260.0,2809,4.212757
230.0,2577,4.543149
155.0,2169,4.825262
45.0,1625,5.04149
105.0,2055,5.310603
240.0,3797,5.798502
105.0,1507,5.994343
185.0,3011,6.382669
155.0,2045,6.648665
105.0,1541,6.849836
40.0,1189,7.004354
55.0,1691,7.224713
105.0,1961,7.479908
105.0,1915,7.729335
180.0,2285,8.027839
60.0,1157,8.177295
290.0,3855,8.672425
15.0,1831,8.913754
210.0,1939,9.169317
80.0,1641,9.385754
105.0,1557,9.590065
55.0,1281,9.75884
210.0,2547,10.131145
260.0,2991,10.550201
120.0,1575,10.755283
95.0,1157,10.905426
140.0,1929,11.156981
45.0,1201,11.31373
175.0,2115,11.587551
115.0,1877,11.830597
75.0,1603,12.043695
65.0,1793,12.276616
120.0,1891,12.520927
150.0,2001,12.778625
50.0,1861,13.020243
150.0,1887,13.26407
235.0,2823,13.630484
40.0,1775,13.861856
260.0,2963,16.096206
120.0,2081,16.367104
55.0,1115,16.525529
180.0,1873,16.768199
110.0,2185,17.05008
330.0,2783,17.412135
280.0,3034,17.800449
45.0,1211,17.959703
50.0,1535,18.164541
115.0,2175,18.448558
80.0,1831,18.686038
20.0,1453,18.911829
125.0,1841,19.15063
65.0,1811,19.387462
80.0,1971,19.644143
65.0,1779,19.88132
330.0,4003,20.392968
90.0,1473,20.586277
150.0,1509,20.781797
155.0,3107,21.188267
355.0,2899,21.565362
105.0,1895,21.812713
305.0,3409,22.248445
215.0,2451,22.611668
85.0,2031,22.881614
85.0,1883,23.135395
140.0,2965,23.5198
110.0,1441,23.708333
60.0,1223,23.867386
140.0,2491,24.190939
80.0,1655,24.411092
180.0,2007,24.671952
155.0,2053,24.938907
20.0,2043,25.206191
45.0,1831,25.444078
85.0,1519,25.642705
120.0,1873,25.885628
155.0,2359,26.224539
50.0,1643,26.443593
155.0,2107,26.716295
95.0,1169,26.870012
210.0,2425,27.180658
285.0,3198,27.593632
30.0,1805,27.829956
150.0,1539,28.030858
515.0,3291,28.46773
90.0,1199,28.626221
55.0,1555,28.832559
250.0,2731,29.189431
215.0,4473,31.848131
105.0,1363,32.027756
80.0,1159,32.178931
270.0,2771,32.538612
25.0,1139,32.690885
150.0,1507,32.887216
240.0,2811,33.249045
210.0,2307,33.54571
45.0,1849,33.785758
85.0,1915,34.03869
35.0,1507,34.237039
60.0,1943,34.491214
150.0,2329,34.797166
180.0,3485,35.270921
135.0,2213,35.595595
120.0,1779,35.826973
195.0,1929,36.08245
30.0,1169,36.235679
20.0,1219,36.402016
185.0,2105,36.736158
100.0,1849,36.981218
105.0,1979,37.238915
215.0,3641,37.705956
135.0,2233,37.996032
120.0,1973,38.251419
55.0,1497,38.44678
155.0,1915,38.694552
80.0,1235,38.860501
80.0,1795,39.093113
60.0,1297,39.262171
180.0,2209,39.548766
65.0,1619,39.76105
315.0,3121,40.163106
335.0,2167,40.446032
155.0,2333,40.748365
130.0,2205,41.039506
180.0,1881,41.282824
125.0,1791,41.515396
80.0,1815,41.75124
215.0,2539,42.078227
90.0,1255,42.240183
210.0,3237,42.657122
80.0,1703,42.883253
200.0,2543,43.245144
200.0,2875,43.614824
60.0,1799,43.85015
135.0,1871,44.094181
125.0,2417,44.406059
20.0,1135,44.554627
60.0,1157,44.705268
85.0,2015,44.976669
135.0,2081,47.403546
130.0,1777,47.634157
210.0,2011,47.892767
295.0,3117,48.306398
90.0,1739,48.557302
415.0,2431,48.870426
110.0,2033,49.139513
250.0,2791,49.499988
135.0,2055,49.763958
435.0,4203,50.292294
155.0,2247,50.581572
105.0,1945,50.833804
445.0,2399,51.144731
80.0,1735,51.369925
105.0,1423,51.555305
215.0,2471,51.871967
120.0,1563,52.074024
180.0,1857,52.312347
135.0,1667,52.529852
45.0,1155,52.68213
45.0,1509,52.927993
120.0,1915,53.183968
110.0,1579,53.392695
50.0,2009,53.659369
105.0,1365,53.836739
215.0,2887,54.208229
80.0,1367,54.38675
525.0,3551,54.840434
110.0,1877,55.083216
210.0,1863,55.331288
45.0,1469,55.559275
110.0,1681,55.777799
155.0,2071,56.045566
155.0,2347,56.346921
150.0,1939,56.600242
130.0,2029,56.864947
155.0,2153,57.144053
100.0,1173,57.299327
75.0,1247,57.463774
45.0,1237,57.629888
150.0,1769,57.860149
55.0,1567,58.064253
15.0,1591,58.273434
180.0,2831,58.639881
110.0,2109,58.91432
485.0,3476,59.361174
95.0,1223,59.524003
195.0,3149,59.966786
155.0,2167,60.255907
60.0,1367,60.433145
45.0,1607,63.926513
85.0,2797,70.316863
110.0,2383,75.795104
45.0,3057,82.880441
310.0,2817,89.426086
145.0,3333,97.51272
65.0,1885,101.953945
205.0,2889,108.73482
140.0,5917,122.570744
20.0,1963,127.280934
105.0,2023,132.132143
240.0,3390,140.28788
80.0,1871,144.819341
65.0,1875,149.314645
155.0,2529,158.319542
175.0,2843,170.443861
405.0,3503,181.410191
120.0,1983,189.032512
85.0,2137,196.199369
60.0,1947,201.897925
390.0,3705,211.205482
140.0,1935,217.939993
135.0,1577,222.14544
245.0,2707,229.435861
435.0,3803,238.723811
225.0,2251,244.126261
435.0,4427,256.007813
275.0,2593,262.559664
295.0,3881,271.786976
120.0,2409,277.89088
215.0,2529,283.958359
110.0,2999,291.087415
130.0,2857,298.292008
135.0,1791,302.6923
140.0,2451,309.218232
260.0,2955,316.804796
135.0,1953,321.813473
375.0,3849,335.341759
50.0,1259,338.623941
160.0,2489,345.386204
415.0,4185,356.769176
230.0,2219,362.860946
275.0,3429,372.098112
400.0,3239,380.879418
205.0,2329,387.873091
285.0,3795,398.220829
165.0,2793,405.986767
245.0,2905,414.512004
280.0,2889,422.432663
90.0,2053,427.959484
400.0,2861,435.517751
190.0,2303,441.680408
180.0,2027,447.129016
265.0,3035,455.200559
295.0,4557,467.253294
255.0,3087,475.395426
430.0,4269,486.696648
170.0,2203,492.49333
235.0,2307,498.433828
85.0,1619,502.746188
185.0,1845,507.499389
220.0,1969,512.6511
490.0,3400,521.716955
65.0,1511,525.589418
240.0,3521,534.832718
85.0,1965,539.988808
310.0,2933,547.724319
600.0,5281,561.556714
370.0,3139,569.659002
320.0,3183,577.869088
450.0,4227,589.063202
180.0,1973,594.296817
390.0,2733,601.618988
270.0,2611,610.930986
255.0,2583,618.355325
120.0,1835,623.72216
65.0,1057,626.780192
195.0,2703,635.708801
585.0,4597,660.657754
105.0,1913,668.008246
425.0,3251,684.41055
275.0,2569,702.327113
150.0,1885,709.487586
250.0,2151,718.316922
420.0,2685,728.81928
175.0,1857,736.021682
260.0,2265,744.46591
295.0,3225,756.615305
175.0,2003,764.08041
485.0,3643,777.443086
235.0,2505,785.235419
145.0,2293,792.302281
365.0,3935,803.836348
165.0,1899,810.122045
380.0,2949,819.034902
555.0,3235,829.82776
75.0,1631,834.950569
325.0,3231,844.495906
305.0,3497,855.498657
105.0,1597,860.060187
250.0,2487,867.33606
15.0,1009,870.121157
155.0,2025,876.875019
395.0,3039,885.937346
185.0,2409,892.96733
275.0,3183,902.128074
135.0,1877,912.239193
175.0,2375,920.885271
180.0,1863,927.172538
210.0,2519,934.643071
105.0,1299,938.20593
170.0,1893,943.486068
170.0,2225,950.192898
230.0,2005,956.012407
210.0,1833,961.085356
185.0,2067,970.174531
360.0,2759,978.479664
150.0,1993,984.291142
335.0,2941,992.719077
235.0,1881,997.852641
105.0,1521,1005.851355
240.0,2149,1016.332553
110.0,2735,1025.480279
270.0,3375,1035.27849
135.0,2785,1042.982402
270.0,2151,1048.846273
195.0,2031,1054.308756
165.0,1681,1058.712409
335.0,3213,1067.265354
220.0,2509,1074.108436
120.0,1719,1078.781488
125.0,2487,1085.334475
280.0,2713,1092.474881
90.0,1135,1095.45562
160.0,1889,1100.506396
335.0,3671,1110.28864
315.0,2893,1117.88801
165.0,1889,1122.795737
185.0,2175,1128.765183
265.0,2495,1135.943775
240.0,3354,1145.730368
150.0,1935,1153.636
230.0,1843,1162.072372
380.0,2867,1170.749982
195.0,2007,1176.936411
285.0,2789,1185.65917
165.0,2019,1191.510427
230.0,2405,1199.982727
305.0,2159,1208.578538
240.0,2245,1219.023215
490.0,3861,1234.387388
75.0,1857,1240.161433
105.0,1941,1246.039277
40.0,1303,1249.738655
240.0,2531,1257.083933
345.0,3593,1271.879418
135.0,1939,1278.314941
260.0,2875,1291.524233
75.0,1351,1296.265318
260.0,2395,1307.965977
145.0,2051,1316.854192
100.0,1805,1323.445223
105.0,1571,1328.892237
75.0,1133,1332.43284
60.0,989,1335.750512
80.0,1105,1339.821449
320.0,3305,1352.810265
280.0,3149,1364.972401
75.0,1107,1368.992937
500.0,3821,1382.815522
205.0,1975,1389.775553
185.0,2823,1399.824949
90.0,1203,1403.989073
85.0,1065,1407.546791
275.0,2935,1417.736992
170.0,1661,1423.427787
280.0,2895,1434.209993
125.0,2195,1442.266057
190.0,2441,1452.159567
120.0,2041,1461.080751
120.0,1685,1467.598842
420.0,3807,1483.232216
155.0,2407,1492.464326
310.0,2541,1502.036396
250.0,2523,1512.397324
130.0,1755,1519.66463
70.0,1121,1524.082155
215.0,1871,1532.469146
245.0,1935,1542.189621
155.0,1947,1550.123225
275.0,2441,1559.947481
295.0,3117,1573.310927
60.0,1073,1578.236453
70.0,1083,1582.488929
225.0,1681,1589.601102
315.0,2567,1602.250986
365.0,2695,1611.374515
240.0,2899,1620.849206
65.0,1605,1625.748662
605.0,4973,1641.063928
355.0,2713,1650.271764
195.0,2101,1658.101631
120.0,1537,1663.0906
75.0,1067,1666.387206
600.0,3941,1679.582529
320.0,2339,1690.05227
65.0,1625,1695.445298
290.0,2517,1703.140457
150.0,1455,1707.391472
250.0,2587,1715.704204
115.0,1711,1722.555137
235.0,2597,1730.262918
135.0,1233,1733.925645
195.0,2133,1740.949215
280.0,2843,1749.650621
105.0,1683,1754.46645
230.0,2009,1760.832301
260.0,2271,1767.715624
165.0,1857,1772.946463
120.0,1951,1778.720935
575.0,5304,1794.332867
410.0,3424,1804.61586
205.0,2981,1813.734019
515.0,4179,1827.873547
240.0,1919,1833.410648
170.0,2061,1840.465593
115.0,1887,1845.839757
55.0,1161,1849.75235
55.0,1137,1854.428044
310.0,3468,1867.547721
185.0,1893,1873.491446
175.0,2901,1883.479669
275.0,2309,1892.188702
95.0,1421,1896.435766
125.0,1463,1901.281835
120.0,1563,1905.900405
260.0,2735,1914.23102
105.0,1371,1918.820876
145.0,1661,1924.856608
65.0,1427,1929.364321
745.0,3615,1940.315394
210.0,1905,1946.163718
315.0,2886,1955.09686
300.0,3085,1964.781756
170.0,1577,1972.154819
475.0,2999,1981.896751
135.0,1891,1988.233441
180.0,1929,1994.469316
75.0,1293,1998.45233
145.0,1277,2002.190842
120.0,1563,2007.029551
370.0,2739,2018.097951
290.0,3630,2029.149677
155.0,1753,2035.035928
315.0,3475,2047.172732
165.0,2229,2053.910843
165.0,1863,2060.440497
235.0,2031,2066.650785
210.0,2425,2074.590132
70.0,1207,2078.622327
110.0,1451,2083.43219
210.0,2845,2092.828983
200.0,1997,2099.598548
300.0,2783,2109.344072
55.0,1319,2113.260097
190.0,2167,2119.698143
190.0,1685,2124.720085
435.0,3339,2135.490987
225.0,2127,2143.818146
110.0,1557,2149.537697
135.0,2421,2157.592646
120.0,1999,2163.981004
310.0,3265,2173.95415
420.0,3354,2184.036471
230.0,2013,2190.216574
60.0,1227,2194.011325
405.0,2831,2202.418244
270.0,2687,2210.148403
145.0,2265,2216.796011
85.0,1741,2222.430983
75.0,1039,2225.747147
210.0,2823,2233.990199
110.0,1545,2238.777578
200.0,1997,2245.039834
235.0,1665,2250.031841
185.0,1649,2255.00103
130.0,1511,2259.989857
510.0,3907,2272.339436
60.0,1079,2275.511308
360.0,3004,2284.549729
215.0,2645,2292.808406
205.0,2505,2300.263423
315.0,2995,2309.081035
205.0,2355,2317.20542
200.0,2923,2326.645862
305.0,2937,2336.55117
240.0,2489,2347.277388
295.0,2781,2355.838325
335.0,3093,2366.069235
190.0,2023,2373.213413
90.0,1131,2377.265563
530.0,3282,2387.556124
160.0,1909,2393.360364
305.0,2117,2400.091344
260.0,2057,2407.607348
335.0,2711,2417.637901
150.0,1561,2423.815106
570.0,2989,2434.42542
315.0,2903,2444.509345
255.0,2639,2453.640911
230.0,2061,2460.545926
165.0,1983,2467.796384
50.0,1117,2471.484286
125.0,1481,2477.741063
155.0,2089,2486.023471
300.0,2049,2493.768227
155.0,1915,2501.65319
505.0,2903,2511.901493
405.0,3181,2524.263799
200.0,2095,2531.910114
350.0,3303,2543.404176
140.0,1927,2550.619261
210.0,2039,2560.933419
290.0,2495,2570.480157
75.0,1453,2576.365664
20.0,1535,2581.809963
170.0,1909,2588.50062
260.0,2497,2597.962348
270.0,2885,2607.755096
80.0,1467,2613.016127
365.0,2571,2621.961003
185.0,1847,2628.481609
390.0,2509,2637.202721
210.0,2281,2645.316055
225.0,2071,2652.663251
235.0,2575,2661.645042
290.0,2345,2670.2326
325.0,2991,2680.488322
95.0,1527,2685.706547
260.0,2459,2694.230529
65.0,1493,2699.15097
370.0,4036,2717.998905
275.0,2631,2727.851352
155.0,2327,2735.804603
115.0,1911,2742.203026
300.0,3303,2753.771317
155.0,2039,2760.608218
110.0,1309,2766.125813
375.0,3735,2780.109013
190.0,2537,2790.130554
215.0,2289,2798.48585
170.0,1413,2803.600252
150.0,1349,2808.266626
320.0,2461,2817.666372
220.0,2705,2826.496095
130.0,1513,2831.493656
340.0,2573,2840.365222
90.0,1157,2844.40634
220.0,2019,2850.860296
60.0,1049,2854.175741
210.0,2949,2865.135649
265.0,2253,2873.057936
135.0,1609,2878.621838
210.0,2107,2885.38157
105.0,1099,2888.956844
355.0,2443,2897.243839
85.0,999,2900.633825
395.0,2482,2909.806474
195.0,1933,2916.717569
350.0,2975,2926.982906
210.0,2649,2936.982656
115.0,1557,2942.458
135.0,1497,2947.864568
220.0,1611,2953.129626
450.0,2339,2961.883965
180.0,2055,2968.748529
545.0,3099,2981.400986
145.0,1379,2986.542447
275.0,3169,2998.493919
85.0,1423,3003.512426
180.0,2149,3012.339081
80.0,1145,3016.456476
220.0,3021,3028.249357
125.0,1549,3033.433002
125.0,1435,3038.822177
240.0,2997,3049.606643
320.0,2229,3058.242855
30.0,1295,3062.619513
155.0,1947,3069.325437
630.0,2709,3086.204052
95.0,1065,3094.070595
275.0,2519,3103.736695
350.0,2771,3114.860103
275.0,2465,3124.665368
335.0,2871,3136.090199
745.0,6039,3162.359993
125.0,1977,3172.657598
365.0,2881,3182.890838
235.0,2125,3189.022126
335.0,2747,3196.973845
345.0,2737,3206.617451
95.0,1413,3210.573577
200.0,2123,3216.551114
150.0,1463,3221.277588
170.0,2407,3228.098462
570.0,3299,3238.082027
445.0,2417,3247.564136
55.0,1031,3252.758636
525.0,2749,3261.433258
325.0,2865,3269.889969
180.0,1507,3274.045192
130.0,1867,3279.205249
115.0,1433,3283.203229
270.0,2129,3290.112384
305.0,2609,3299.945567
330.0,2615,3308.344412
90.0,1887,3314.514446
135.0,1501,3319.422757
165.0,1529,3324.29603
300.0,3447,3337.774301
380.0,2191,3344.129147
465.0,2655,3352.009312
375.0,3405,3362.325495
140.0,2309,3369.089488
300.0,3627,3380.527864
230.0,2471,3387.580495
260.0,2281,3395.949202
740.0,4843,3410.92478
290.0,2413,3419.04013
85.0,1079,3422.197556
385.0,3297,3431.762759
320.0,3156,3444.342345
690.0,3443,3454.242232
70.0,1031,3457.072471
510.0,2769,3465.198998
295.0,2977,3473.464493
365.0,2613,3481.626501
340.0,2557,3492.479503
135.0,1975,3498.343773
420.0,3379,3508.060342
260.0,2361,3514.740339
145.0,2023,3520.718052
345.0,3585,3531.632979
180.0,2129,3538.002132
390.0,2587,3545.664932
80.0,1051,3548.765424
635.0,3601,3559.660685
160.0,2355,3566.556516
145.0,1185,3569.961093
115.0,1179,3573.287255
115.0,1415,3577.26082
265.0,2547,3584.764402
335.0,3047,3593.628535
120.0,1371,3597.613668
215.0,1795,3602.824538
70.0,1501,3606.950788
200.0,2349,3613.76493
230.0,2353,3620.599868
305.0,3137,3630.423316
320.0,3547,3641.152547
300.0,2896,3653.11916
440.0,3411,3664.477503
120.0,1565,3670.000964
175.0,2161,3677.480832
385.0,3839,3690.722892
365.0,3375,3702.474179
300.0,4121,3717.912968
185.0,2151,3727.734619
370.0,3193,3742.955063
280.0,2737,3755.102362
270.0,2803,3764.41754
160.0,2049,3771.13969
275.0,3169,3789.951761
370.0,2229,3798.215491
315.0,3289,3811.260639
230.0,2703,3822.434024
475.0,3165,3832.491918
285.0,2119,3842.352288
315.0,2691,3852.017126
325.0,2619,3860.15785
275.0,3027,3869.285353
490.0,2579,3877.097906
275.0,1987,3883.107613
300.0,2553,3890.86761
130.0,1797,3896.773254
10.0,1117,3900.061915
205.0,2095,3906.390185
355.0,2781,3915.15926
225.0,2997,3924.099353
235.0,2825,3932.324032
300.0,2665,3940.069767
315.0,2471,3947.344246
530.0,2756,3955.769669
325.0,2209,3962.138511
245.0,2059,3970.324504
465.0,3175,3982.411723
210.0,1571,3988.023591
315.0,2597,3996.210079
155.0,1939,4002.302815
210.0,2505,4010.118803
300.0,2555,4019.962841
210.0,2123,4035.959732
100.0,1455,4043.751748
140.0,1937,4052.812114
320.0,3351,4064.818428
345.0,2883,4075.952027
85.0,1471,4081.043492
165.0,2339,4096.293475
185.0,2365,4108.322707
310.0,3792,4125.774685
475.0,2501,4133.28735
360.0,2777,4142.773365
195.0,2641,4150.879677
415.0,2753,4162.540927
600.0,4735,4176.26952
285.0,3244,4192.118444
700.0,3485,4206.372166
270.0,2829,4218.403839
410.0,3237,4231.313898
345.0,2540,4241.354199
340.0,2513,4253.613661
385.0,3285,4267.421595
365.0,2587,4277.723867
215.0,2041,4286.467818
300.0,2491,4296.954851
145.0,1427,4302.35311
575.0,2407,4312.439123
295.0,2701,4325.514821
310.0,2989,4335.84298
305.0,2367,4344.14959
360.0,2765,4355.170972
520.0,3319,4366.164148
215.0,2131,4374.654041
330.0,2830,4385.018701
485.0,3093,4395.567929
185.0,1969,4402.213642
280.0,2513,4411.973215
235.0,1667,4418.714547
390.0,2633,4429.839377
290.0,2209,4438.621406
265.0,2283,4446.84215
380.0,2599,4456.551657
460.0,3521,4469.853828
260.0,1879,4476.315398
260.0,2409,4484.721688
340.0,2847,4496.251174
380.0,3209,4511.518982
335.0,2796,4525.824602
205.0,2325,4536.067647
540.0,2949,4546.876828
470.0,3473,4562.845534
300.0,2705,4572.148486
195.0,1881,4578.300743
410.0,3397,4589.874807
305.0,2221,4598.315293
335.0,3100,4609.533279
380.0,3723,4623.824793
360.0,2809,4633.772645
290.0,2883,4644.952843
275.0,2513,4652.968284
440.0,3157,4663.860681
225.0,2747,4673.912158
670.0,4581,4688.771071
355.0,3113,4698.788797
215.0,1921,4705.089984
205.0,2311,4713.88649
255.0,2469,4722.067184
105.0,1563,4728.282387
580.0,3179,4741.287409
280.0,2571,4751.271509
375.0,3187,4763.563064
510.0,4659,4782.718128
160.0,1733,4789.484555
315.0,2537,4799.044057
660.0,4055,4813.496544
85.0,1807,4819.517368
355.0,2742,4828.841731
110.0,1567,4834.742971
260.0,2377,4843.158175
260.0,3966,4857.875926
480.0,3625,4870.435053
310.0,2744,4880.974156
605.0,3319,4922.788344
310.0,2183,4955.284772
285.0,2745,4993.815648
325.0,2348,5015.912175
580.0,3285,5029.140846
705.0,3551,5039.282507
500.0,3523,5049.554516
320.0,2957,5057.8375
450.0,2973,5066.742548
275.0,3317,5075.986318
545.0,3855,5086.702074
210.0,2973,5094.993824
300.0,2499,5102.080953
595.0,4045,5113.464724
280.0,2743,5121.276845
410.0,3507,5131.042468
545.0,2831,5139.623169
395.0,3179,5148.710233
255.0,2485,5155.957317
330.0,2921,5164.143421
645.0,4029,5175.647098
75.0,1907,5180.864536
575.0,3844,5191.933897
195.0,1979,5197.470035
195.0,2571,5205.206558
415.0,3089,5214.475394
475.0,3575,5224.784012
65.0,1891,5230.201224
165.0,1899,5235.8471
495.0,4441,5248.757957
240.0,2051,5254.536123
345.0,2603,5262.21709
370.0,2672,5270.406024
355.0,2370,5277.153966
80.0,1455,5281.246205
170.0,2205,5287.395619
90.0,2197,5293.584275
95.0,1581,5297.853069
130.0,2173,5304.215108
305.0,2865,5312.23239
215.0,1815,5320.382909
325.0,2623,5327.808196
575.0,4584,5342.144992
740.0,4293,5354.849971
340.0,2412,5361.532148
265.0,2235,5368.23359
1070.0,5629,5387.436774
540.0,3111,5398.03019
380.0,3177,5408.409253
730.0,4999,5424.737544
660.0,4785,5441.186836
600.0,4229,5455.439853
635.0,2835,5464.841358
845.0,7423,5488.247163
370.0,3341,5498.607631
630.0,4461,5512.327504
475.0,2561,5519.838235
310.0,2369,5526.6785
345.0,2733,5534.975928
380.0,2933,5546.01975
405.0,3180,5556.314509
355.0,3237,5566.071166
295.0,2412,5573.091152
600.0,3789,5584.298144
410.0,3649,5594.931749
515.0,3667,5605.336202
840.0,5409,5623.650964
1020.0,6343,5648.210226
725.0,4022,5661.961503
345.0,2455,5670.733437
305.0,2257,5678.926166
370.0,3362,5689.690012
495.0,3273,5705.291847
725.0,3539,5718.59066
545.0,3547,5729.618158
320.0,2943,5738.308169
495.0,2753,5749.027639
650.0,2561,5760.632681
310.0,2455,5771.028845
290.0,2583,5779.560176
375.0,3127,5791.767034
520.0,4631,5807.323854
515.0,3621,5820.117093
415.0,2763,5829.165862
370.0,3167,5838.927816
495.0,4687,5854.591621
570.0,4212,5867.739512
645.0,3513,5878.898923
235.0,1873,5884.841254
315.0,2740,5893.159634
365.0,3039,5902.78688
95.0,1807,5908.881614
390.0,2945,5918.859934
315.0,2575,5927.018854
340.0,2701,5935.981561
275.0,2523,5944.724783
280.0,2949,5954.627118
725.0,3983,5968.770244
305.0,2612,5977.509584
270.0,3381,5989.741021
385.0,2713,6005.828302
365.0,3196,6018.239042
455.0,2593,6029.80627
300.0,2945,6044.831335
670.0,4447,6060.68653
630.0,5141,6078.238779
270.0,2817,6090.539146
290.0,3155,6103.399685
1205.0,7935,6138.740864
600.0,4679,6158.516706
405.0,3601,6173.059051
385.0,3399,6185.303564
470.0,3553,6199.140801
90.0,1867,6207.128114
220.0,2465,6217.400025
455.0,4061,6234.12414
580.0,3615,6247.512034
545.0,3315,6259.700997
335.0,2983,6271.42479
350.0,2677,6284.756638
605.0,4211,6301.163026
515.0,3915,6315.126886
520.0,4075,6330.492958
275.0,2161,6338.102664
1000.0,4829,6354.480663
600.0,3753,6368.070116
775.0,3913,6382.408909
985.0,4357,6411.725366
320.0,2947,6421.071052
520.0,4333,6442.8233
490.0,3347,6453.340742
375.0,2642,6464.200837
400.0,2584,6472.789419
800.0,4679,6487.073245
435.0,2565,6494.793576
470.0,2225,6501.576871
395.0,3411,6511.750752
570.0,3697,6524.697592
460.0,3433,6534.687934
540.0,2284,6541.841975
685.0,3265,6551.432818
290.0,2723,6559.741261
660.0,5175,6574.319689
415.0,4057,6586.165676
330.0,2981,6594.83798
600.0,3875,6606.23821
720.0,4701,6620.056578
270.0,2363,6627.769267
1030.0,7331,6652.449208
355.0,2267,6659.28596
1100.0,5211,6674.876336
800.0,4011,6686.736756
540.0,3294,6696.85894
575.0,3685,6707.676473
600.0,4453,6722.158352
285.0,3233,6731.809508
285.0,2433,6746.30241
575.0,4187,6759.9596
250.0,2325,6768.062328
745.0,3976,6780.385132
215.0,2503,6790.290004
230.0,2487,6799.2009
470.0,3659,6810.161083
305.0,3705,6822.620996
670.0,5557,6839.76198
800.0,4261,6854.757042
775.0,4651,6883.798665
575.0,4461,6899.903873
575.0,4731,6915.191547
1015.0,7707,6944.730091
600.0,4185,6957.871636
710.0,3999,6971.920716
515.0,3878,6996.594445
520.0,3757,7010.458673
525.0,4365,7027.262807
465.0,3503,7040.464453
600.0,5033,7063.133912
715.0,5757,7087.09849
345.0,2372,7096.289666
595.0,2625,7106.713048
450.0,3213,7124.095281
325.0,2437,7139.686017
180.0,1899,7146.027702
570.0,4011,7159.223436
685.0,4307,7172.658947
325.0,2156,7179.794045
530.0,4321,7195.013856
640.0,5383,7210.998928
495.0,3623,7221.293722
295.0,2289,7227.718502
445.0,3637,7238.114434
1195.0,6428,7256.086377
570.0,5537,7271.136569
490.0,3983,7281.751594
1065.0,5509,7296.566733
660.0,3105,7305.04346
335.0,2497,7311.928342
775.0,4557,7324.869205
560.0,3807,7335.2734
375.0,2897,7343.128771
575.0,3799,7353.650025
470.0,3311,7363.125924
715.0,3984,7374.64781
600.0,3953,7385.979602
545.0,3838,7397.195152
600.0,4495,7409.861202
645.0,2952,7417.791944
600.0,4261,7430.930965
600.0,3781,7445.588276
475.0,4051,7456.594227
605.0,4355,7470.73913
525.0,3769,7488.803895
600.0,2419,7506.900162
535.0,3359,7533.273297
495.0,3513,7563.81381
525.0,3492,7591.153355
390.0,2769,7607.807954
465.0,3943,7623.063895
540.0,3770,7637.061581
600.0,5025,7654.154889
520.0,3470,7666.219265
1055.0,5923,7689.574241
260.0,2431,7698.239066
255.0,2281,7706.236117
475.0,3433,7722.151892
545.0,4063,7736.419739
1010.0,5279,7753.938118
645.0,3457,7764.803563
590.0,2369,7771.751805
450.0,3293,7781.686226
605.0,3923,7792.757511
770.0,6573,7813.812601
435.0,3869,7825.603922
1000.0,6607,7855.11896
800.0,4415,7871.303226
395.0,2655,7880.271938
495.0,4195,7892.35517
540.0,2555,7899.825239
525.0,3917,7911.478557
600.0,3837,7922.474808
480.0,3709,7932.926216
600.0,4523,7955.566261
330.0,2777,7967.398625
350.0,2391,7978.53893
365.0,2902,7991.507432
745.0,3795,8009.006543
545.0,3847,8025.6201
695.0,3761,8040.075859
575.0,3708,8053.419162
690.0,3659,8066.286088
530.0,3726,8079.683456
720.0,3522,8092.204771
300.0,2795,8101.953114
600.0,4049,8115.782306
550.0,3504,8127.554246
920.0,3713,8140.211135
570.0,3694,8152.812604
370.0,3347,8164.147913
540.0,3957,8177.421682
745.0,3760,8189.627641
715.0,5509,8207.760021
515.0,4681,8228.582443
315.0,2917,8238.321083
530.0,4137,8251.897486
545.0,3637,8264.211977
600.0,3993,8277.47188
285.0,2636,8286.1907
340.0,2512,8294.570299
670.0,4149,8309.581344
745.0,3869,8323.77234
600.0,3959,8340.554605
650.0,3167,8352.486004
715.0,5197,8373.664998
730.0,4255,8390.279727
475.0,3839,8404.598586
745.0,3878,8418.967042
1035.0,7433,8446.503023
540.0,3949,8460.551122
465.0,3463,8472.941416
440.0,3531,8485.457425
540.0,4068,8500.081399
460.0,4077,8514.375111
575.0,4012,8528.438752
740.0,4685,8544.855114
1175.0,7847,8575.095468
545.0,4859,8598.211886
780.0,3957,8612.011313
460.0,4099,8627.845018
605.0,4781,8647.086125
950.0,6935,8668.765641
805.0,4017,8680.579652
370.0,2927,8689.818162
520.0,4037,8701.834405
610.0,3443,8713.357853
515.0,3827,8734.022304
190.0,2179,8744.447374
540.0,4049,8762.230931
515.0,3875,8801.321271
680.0,3291,8828.020011
545.0,4375,8858.697613
175.0,2505,8876.492105
510.0,3331,8897.572527
485.0,2881,8915.524539
690.0,4841,8941.551051
540.0,3664,8956.954291
540.0,3806,8973.353472
545.0,3849,8991.066224
485.0,3649,9008.92503
310.0,2537,9019.83284
265.0,2089,9030.313994
480.0,3557,9049.594896
525.0,4149,9071.99272
1005.0,3813,9093.406282
875.0,4829,9114.167948
575.0,3909,9129.262337
810.0,5955,9151.478809
570.0,4349,9170.840025
575.0,4285,9187.394308
600.0,3825,9203.540477
475.0,3603,9220.957911
570.0,3923,9236.8765
515.0,3521,9251.109276
570.0,2817,9262.976798
385.0,2463,9272.812009
550.0,3066,9284.585673
545.0,3462,9300.374897
515.0,3651,9319.78711
545.0,4451,9350.315205
555.0,4266,9372.930991
655.0,3307,9389.127661
775.0,4357,9408.532091
600.0,4389,9431.294598
510.0,4643,9456.000729
800.0,4279,9475.639028
600.0,4953,9500.89786
680.0,3281,9524.398077
590.0,2637,9542.211625
515.0,3729,9558.873595
555.0,4045,9584.505256
450.0,3585,9601.645591
855.0,6101,9625.107963
370.0,2771,9635.454271
425.0,3803,9649.295642
645.0,4295,9668.406006
310.0,3351,9680.039064
725.0,3685,9693.123223
125.0,2135,9700.348212
525.0,3591,9713.214419
145.0,1929,9719.710649
330.0,2497,9728.042853
715.0,3805,9741.32426
440.0,2387,9749.930825
840.0,3537,9762.158253
555.0,3201,9773.845188
565.0,3969,9787.452158
960.0,6901,9811.865453
545.0,4321,9826.483328
915.0,6117,9848.168063
570.0,4139,9865.653567
575.0,4513,9888.835983
485.0,3505,9907.565612
960.0,7461,9947.714566
985.0,6014,9977.561444
525.0,3814,10002.699327
585.0,4771,10030.334352
515.0,3281,10044.98252
725.0,3349,10058.705404
485.0,3105,10071.82733
600.0,4175,10088.616373
655.0,3601,10102.558132
1580.0,9624,10141.121096
745.0,3676,10155.685662
1495.0,7839,10186.453765
1320.0,8101,10218.473029
1000.0,4097,10234.697825
725.0,4528,10256.889505
600.0,4793,10276.808183
310.0,2245,10285.654808
635.0,6175,10311.945986
545.0,3287,10325.118673
515.0,4001,10342.645787
575.0,4191,10360.272296
1200.0,9383,10402.683617
830.0,4395,10421.812243
540.0,3365,10443.224303
780.0,4483,10462.072063
520.0,3579,10477.538192
670.0,3887,10495.191871
800.0,4025,10512.635895
680.0,4961,10534.217246
585.0,4382,10552.807959
915.0,6231,10580.558112
285.0,2943,10593.785693
395.0,2771,10606.047429
825.0,5477,10634.663408
220.0,2531,10646.795712
735.0,4845,10668.561643
600.0,3633,10684.925387
745.0,3466,10701.057441
570.0,4158,10725.32725
470.0,3173,10748.726828
445.0,3234,10763.60909
1080.0,5761,10788.479674
800.0,4449,10806.858327
600.0,5171,10827.496459
1155.0,5755,10850.306594
800.0,3545,10863.699883
600.0,4341,10880.898382
1200.0,6845,10913.350795
515.0,3830,10928.01328
280.0,2805,10939.039882
600.0,4463,10958.718723
570.0,3834,10973.341885
500.0,3777,10987.546467
470.0,3485,11000.331221
775.0,4161,11015.749912
570.0,2683,11025.632994
545.0,3408,11038.853175
740.0,3863,11051.88082
675.0,5199,11070.569097
440.0,3781,11085.785563
800.0,5047,11103.884638
695.0,4329,11119.700717
750.0,4263,11135.38556
770.0,4429,11151.075013
600.0,4411,11167.018459
545.0,3611,11179.945805
695.0,3489,11193.55391
485.0,2881,11203.759709
600.0,4311,11219.258259
775.0,3775,11233.358938
385.0,3261,11245.028929
445.0,3741,11258.332874
1265.0,8911,11293.975264
600.0,3109,11304.425605
525.0,3851,11318.680849
580.0,4163,11332.528602
755.0,4048,11346.543541
575.0,4439,11361.362876
545.0,4773,11377.610418
515.0,4007,11391.537258
465.0,3565,11403.540698
805.0,4379,11419.329422
800.0,3611,11431.610908
800.0,3849,11445.66097
1205.0,7687,11474.184768
520.0,3137,11486.671166
775.0,3998,11501.609124
605.0,4625,11520.320974
600.0,4045,11534.36651
745.0,3935,11549.768942
675.0,3633,11562.460618
570.0,3550,11575.33645
600.0,3767,11588.140518
605.0,5147,11606.228599
600.0,4029,11620.716383
475.0,3299,11639.837508
580.0,3372,11653.078182
465.0,3793,11667.147817
575.0,3425,11679.506878
500.0,4243,11694.878563
570.0,3280,11707.756474
545.0,3535,11720.235195
670.0,3144,11731.47729
320.0,3063,11745.112498
800.0,3761,11758.293918
515.0,4517,11777.697831
550.0,4113,11792.323978
570.0,4991,11810.40401
540.0,3273,11822.464934
600.0,4169,11837.192984
575.0,4048,11851.92632
995.0,6985,11876.381501
800.0,4069,11889.946013
365.0,3143,11900.571457
530.0,3857,11914.01535
1150.0,6155,11939.882902
525.0,4086,11954.242719
525.0,3741,11969.765128
815.0,5679,11990.464056
370.0,3085,12001.700972
550.0,3461,12020.306363
1400.0,8225,12052.259296
410.0,3181,12063.715006
540.0,3081,12076.554495
775.0,4206,12094.247981
570.0,4308,12112.878388
745.0,3792,12127.422687
530.0,3907,12142.556579
660.0,4209,12161.996138
530.0,3476,12176.419618
265.0,2915,12187.940569
500.0,3931,12202.065084
515.0,3609,12214.71909
545.0,3835,12228.770923
180.0,2495,12238.093263
805.0,4443,12255.08368
570.0,3635,12269.414919
800.0,4185,12284.403449
575.0,4045,12298.973595
495.0,3819,12312.487563
525.0,3605,12326.361121
515.0,3764,12339.383319
880.0,3133,12351.355459
745.0,3695,12366.085631
540.0,3720,12380.348097
600.0,4329,12397.074028
605.0,4057,12416.88693
740.0,4011,12430.533584
505.0,3543,12444.251488
365.0,3051,12454.485501
550.0,3563,12467.314393
715.0,4149,12481.817336
540.0,3961,12496.406578
760.0,4243,12509.536604
600.0,4049,12523.005266
755.0,4308,12538.447026
570.0,3545,12550.368505
550.0,5166,12568.912266
495.0,3657,12580.486591
545.0,3869,12592.547867
570.0,5655,12609.097978
600.0,4041,12621.060175
450.0,3809,12631.716405
520.0,3733,12642.326331
750.0,4538,12655.671945
520.0,3612,12666.027195
800.0,3857,12676.970243
645.0,3995,12688.934056
630.0,4815,12702.818327
600.0,3991,12714.233768
800.0,4457,12726.756248
570.0,4007,12742.86412
575.0,2889,12751.062478
515.0,4192,12762.935475
325.0,2583,12770.305955
645.0,3239,12779.201363
600.0,4417,12791.546059
460.0,5179,12806.279476
495.0,3907,12817.216743
600.0,3081,12826.039821
715.0,3606,12835.980459
570.0,4381,12848.017345
460.0,3585,12858.365551
310.0,2813,12866.211871
805.0,3381,12875.594348
505.0,4313,12889.054491
460.0,3729,12904.182024
775.0,4554,12919.657849
770.0,3250,12929.644138
490.0,4513,12945.475367
570.0,3446,12960.184753
725.0,4398,12977.019031
540.0,3718,12989.437607
715.0,3781,13002.841287
605.0,4685,13021.378325
800.0,4661,13039.369784
425.0,3394,13049.260067
735.0,5311,13073.030934
755.0,4887,13088.118199
620.0,3437,13098.124069
750.0,3337,13107.61914
495.0,3765,13120.476678
670.0,3537,13129.514602
600.0,4889,13144.305857
545.0,3461,13153.691461
830.0,4533,13166.863297
575.0,4412,13181.462701
330.0,2675,13189.069607
545.0,4065,13203.162403
755.0,3593,13215.118574
490.0,3549,13226.038686
545.0,4063,13238.620413
230.0,3069,13247.713127
600.0,4409,13262.26194
355.0,2392,13269.39265
600.0,4119,13282.099717
515.0,3179,13291.423277
550.0,3514,13301.774085
605.0,3741,13312.869675
770.0,4729,13326.854161
580.0,4212,13338.966865
395.0,3335,13348.641838
485.0,3763,13359.734574
440.0,4247,13372.424637
